UID,Category,maleID,femID,b2ID,hasFemOn,hasFemAction,hasAttCop,hasCop,hasMaleFem,hasB2Action,hasMaleB2
9,SOLO,965,,,FALSE,FALSE,FALSE,FALSE,FALSE,FALSE,FALSE
15,SOLO,296,,,FALSE,FALSE,FALSE,FALSE,FALSE,FALSE,FALSE
23,SOLO,296,,,FALSE,FALSE,FALSE,FALSE,FALSE,FALSE,FALSE
32,AUDI,8000,8200,,TRUE,TRUE,FALSE,FALSE,FALSE,FALSE,FALSE
41,SOLO,965,,,FALSE,FALSE,FALSE,FALSE,FALSE,FALSE,FALSE
42,SOLO,965,,,FALSE,FALSE,FALSE,FALSE,FALSE,FALSE,FALSE
44,SOLO,296,,,FALSE,FALSE,FALSE,FALSE,FALSE,FALSE,FALSE
60,SOLO,296,,,FALSE,FALSE,FALSE,FALSE,FALSE,FALSE,FALSE
72,SOLO,965,,,FALSE,FALSE,FALSE,FALSE,FALSE,FALSE,FALSE
74,SOLO,965,,,FALSE,FALSE,FALSE,FALSE,FALSE,FALSE,FALSE
76,AUDI,965,8200,,TRUE,TRUE,FALSE,FALSE,FALSE,FALSE,FALSE
81,AUDI,296,294,,TRUE,TRUE,FALSE,FALSE,FALSE,FALSE,FALSE
105,AUDI,296,8300,,TRUE,TRUE,FALSE,FALSE,FALSE,FALSE,FALSE
110,SOLO,8000,,,FALSE,FALSE,FALSE,FALSE,FALSE,FALSE,FALSE
119,SOLO,965,,,FALSE,FALSE,FALSE,FALSE,FALSE,FALSE,FALSE
150,SOLO,8000,,,FALSE,FALSE,FALSE,FALSE,FALSE,FALSE,FALSE
157,SOLO,8000,,,FALSE,FALSE,FALSE,FALSE,FALSE,FALSE,FALSE
177,SOLO,296,,,FALSE,FALSE,FALSE,FALSE,FALSE,FALSE,FALSE
189,SOLO,965,,,FALSE,FALSE,FALSE,FALSE,FALSE,FALSE,FALSE
190,MULT,965,,,FALSE,FALSE,FALSE,FALSE,FALSE,TRUE,FALSE
193,SOLO,965,,,FALSE,FALSE,FALSE,FALSE,FALSE,FALSE,FALSE
211,SOLO,975,,,FALSE,FALSE,FALSE,FALSE,FALSE,FALSE,FALSE
213,SOLO,8000,,,FALSE,FALSE,FALSE,FALSE,FALSE,FALSE,FALSE
214,SOLO,296,,,FALSE,FALSE,FALSE,FALSE,FALSE,FALSE,FALSE
220,SOLO,8000,,,FALSE,FALSE,FALSE,FALSE,FALSE,FALSE,FALSE
229,SOLO,965,,,FALSE,FALSE,FALSE,FALSE,FALSE,FALSE,FALSE
232,SOLO,965,,,FALSE,FALSE,FALSE,FALSE,FALSE,FALSE,FALSE
234,SOLO,8000,,,FALSE,FALSE,FALSE,FALSE,FALSE,FALSE,FALSE
235,SOLO,8000,,,FALSE,FALSE,FALSE,FALSE,FALSE,FALSE,FALSE
246,SOLO,965,,,FALSE,FALSE,FALSE,FALSE,FALSE,FALSE,FALSE
247,SOLO,965,,,FALSE,FALSE,FALSE,FALSE,FALSE,FALSE,FALSE
248,SOLO,980,,,FALSE,FALSE,FALSE,FALSE,FALSE,FALSE,FALSE
249,MULT,980,,8000,FALSE,FALSE,FALSE,FALSE,FALSE,TRUE,FALSE
250,MULT,980,,8000,FALSE,FALSE,FALSE,FALSE,FALSE,TRUE,FALSE
251,MULT,980,,8000,FALSE,FALSE,FALSE,FALSE,FALSE,TRUE,FALSE
256,AUDI,296,8300,8300,TRUE,TRUE,FALSE,FALSE,FALSE,FALSE,FALSE
259,SOLO,8000,,,FALSE,FALSE,FALSE,FALSE,FALSE,FALSE,FALSE
260,SOLO,8000,,,FALSE,FALSE,FALSE,FALSE,FALSE,FALSE,FALSE
263,SOLO,8000,,,FALSE,FALSE,FALSE,FALSE,FALSE,FALSE,FALSE
272,AUDI,965,8200,,TRUE,TRUE,FALSE,FALSE,FALSE,FALSE,FALSE
273,MULT,965,295,,TRUE,TRUE,FALSE,FALSE,FALSE,TRUE,FALSE
283,SOLO,980,,,FALSE,FALSE,FALSE,FALSE,FALSE,FALSE,FALSE
284,SOLO,980,,,FALSE,FALSE,FALSE,FALSE,FALSE,FALSE,FALSE
285,SOLO,980,,,FALSE,FALSE,FALSE,FALSE,FALSE,FALSE,FALSE
286,SOLO,976,,,FALSE,FALSE,FALSE,FALSE,FALSE,FALSE,FALSE
288,AUDI,976,935,,TRUE,TRUE,FALSE,FALSE,FALSE,FALSE,FALSE
292,SOLO,965,,,FALSE,FALSE,FALSE,FALSE,FALSE,FALSE,FALSE
298,SOLO,296,,,FALSE,FALSE,FALSE,FALSE,FALSE,FALSE,FALSE
301,SOLO,296,,,FALSE,FALSE,FALSE,FALSE,FALSE,FALSE,FALSE
302,SOLO,296,,,FALSE,FALSE,FALSE,FALSE,FALSE,FALSE,FALSE
303,SOLO,296,,,FALSE,FALSE,FALSE,FALSE,FALSE,FALSE,FALSE
315,SOLO,965,,,FALSE,FALSE,FALSE,FALSE,FALSE,FALSE,FALSE
325,SOLO,965,,,FALSE,FALSE,FALSE,FALSE,FALSE,FALSE,FALSE
326,SOLO,965,,,FALSE,FALSE,FALSE,FALSE,FALSE,FALSE,FALSE
336,SOLO,296,,,FALSE,FALSE,FALSE,FALSE,FALSE,FALSE,FALSE
337,SOLO,296,,,FALSE,FALSE,FALSE,FALSE,FALSE,FALSE,FALSE
338,SOLO,296,,,FALSE,FALSE,FALSE,FALSE,FALSE,FALSE,FALSE
339,SOLO,296,,,FALSE,FALSE,FALSE,FALSE,FALSE,FALSE,FALSE
340,SOLO,296,,,FALSE,FALSE,FALSE,FALSE,FALSE,FALSE,FALSE
343,SOLO,8000,,,FALSE,FALSE,FALSE,FALSE,FALSE,FALSE,FALSE
348,SOLO,980,,,FALSE,FALSE,FALSE,FALSE,FALSE,FALSE,FALSE
356,SOLO,965,,,FALSE,FALSE,FALSE,FALSE,FALSE,FALSE,FALSE
363,SOLO,980,,,FALSE,FALSE,FALSE,FALSE,FALSE,FALSE,FALSE
364,SOLO,980,,,FALSE,FALSE,FALSE,FALSE,FALSE,FALSE,FALSE
365,SOLO,296,,,FALSE,FALSE,FALSE,FALSE,FALSE,FALSE,FALSE
368,SOLO,980,,,FALSE,FALSE,FALSE,FALSE,FALSE,FALSE,FALSE
378,SOLO,980,,,FALSE,FALSE,FALSE,FALSE,FALSE,FALSE,FALSE
379,SOLO,980,,,FALSE,FALSE,FALSE,FALSE,FALSE,FALSE,FALSE
389,SOLO,980,,,FALSE,FALSE,FALSE,FALSE,FALSE,FALSE,FALSE
390,SOLO,980,,,FALSE,FALSE,FALSE,FALSE,FALSE,FALSE,FALSE
393,MULT,965,,296,FALSE,FALSE,FALSE,FALSE,FALSE,TRUE,TRUE
395,MULT,296,,965,FALSE,FALSE,FALSE,FALSE,FALSE,TRUE,TRUE
396,AUDI,296,8300,,TRUE,TRUE,FALSE,FALSE,FALSE,FALSE,FALSE
397,MULT,296,,965,FALSE,FALSE,FALSE,FALSE,FALSE,TRUE,TRUE
401,SOLO,980,,,FALSE,FALSE,FALSE,FALSE,FALSE,FALSE,FALSE
405,SOLO,965,,,FALSE,FALSE,FALSE,FALSE,FALSE,FALSE,FALSE
406,SOLO,965,,,FALSE,FALSE,FALSE,FALSE,FALSE,FALSE,FALSE
407,SOLO,965,,,FALSE,FALSE,FALSE,FALSE,FALSE,FALSE,FALSE
408,SOLO,965,,,FALSE,FALSE,FALSE,FALSE,FALSE,FALSE,FALSE
409,SOLO,965,,,FALSE,FALSE,FALSE,FALSE,FALSE,FALSE,FALSE
412,MULT,296,,965,FALSE,FALSE,FALSE,FALSE,FALSE,TRUE,TRUE
413,MULT,965,,296,FALSE,FALSE,FALSE,FALSE,FALSE,TRUE,TRUE
422,AUDI,980,8300,,TRUE,TRUE,FALSE,FALSE,FALSE,FALSE,FALSE
423,SOLO,965,,,FALSE,FALSE,FALSE,FALSE,FALSE,FALSE,FALSE
424,SOLO,965,,,FALSE,FALSE,FALSE,FALSE,FALSE,FALSE,FALSE
429,SOLO,980,,,FALSE,FALSE,FALSE,FALSE,FALSE,FALSE,FALSE
430,SOLO,980,,,FALSE,FALSE,FALSE,FALSE,FALSE,FALSE,FALSE
436,SOLO,112,,,FALSE,FALSE,FALSE,FALSE,FALSE,FALSE,FALSE
438,SOLO,980,,,FALSE,FALSE,FALSE,FALSE,FALSE,FALSE,FALSE
439,SOLO,980,,,FALSE,FALSE,FALSE,FALSE,FALSE,FALSE,FALSE
444,MULT,980,295,8000,TRUE,TRUE,FALSE,FALSE,FALSE,TRUE,FALSE
445,SOLO,980,,,FALSE,FALSE,FALSE,FALSE,FALSE,FALSE,FALSE
446,SOLO,980,,,FALSE,FALSE,FALSE,FALSE,FALSE,FALSE,FALSE
449,SOLO,980,,,FALSE,FALSE,FALSE,FALSE,FALSE,FALSE,FALSE
452,SOLO,965,,,FALSE,FALSE,FALSE,FALSE,FALSE,FALSE,FALSE
453,AUDI,965,981,,TRUE,TRUE,FALSE,FALSE,FALSE,FALSE,FALSE
493,SOLO,112,,,FALSE,FALSE,FALSE,FALSE,FALSE,FALSE,FALSE
494,SOLO,980,,,FALSE,FALSE,FALSE,FALSE,FALSE,FALSE,FALSE
495,AUDI,980,289,,TRUE,TRUE,FALSE,FALSE,FALSE,FALSE,FALSE
497,SOLO,980,,,FALSE,FALSE,FALSE,FALSE,FALSE,FALSE,FALSE
498,SOLO,980,,,FALSE,FALSE,FALSE,FALSE,FALSE,FALSE,FALSE
505,SOLO,296,,,FALSE,FALSE,FALSE,FALSE,FALSE,FALSE,FALSE
506,SOLO,296,,,FALSE,FALSE,FALSE,FALSE,FALSE,FALSE,FALSE
514,AUDI,980,8200,,TRUE,TRUE,FALSE,FALSE,FALSE,FALSE,FALSE
518,AUDI,980,8200,,TRUE,TRUE,FALSE,FALSE,FALSE,FALSE,FALSE
529,SOLO,296,,,FALSE,FALSE,FALSE,FALSE,FALSE,FALSE,FALSE
537,SOLO,980,,,FALSE,FALSE,FALSE,FALSE,FALSE,FALSE,FALSE
541,SOLO,980,,,FALSE,FALSE,FALSE,FALSE,FALSE,FALSE,FALSE
560,SOLO,296,,,FALSE,FALSE,FALSE,FALSE,FALSE,FALSE,FALSE
563,SOLO,980,,,FALSE,FALSE,FALSE,FALSE,FALSE,FALSE,FALSE
564,SOLO,980,,,FALSE,FALSE,FALSE,FALSE,FALSE,FALSE,FALSE
568,SOLO,980,,,FALSE,FALSE,FALSE,FALSE,FALSE,FALSE,FALSE
570,AUDI,980,8200,8300,TRUE,TRUE,TRUE,FALSE,FALSE,FALSE,FALSE
571,SOLO,980,,,FALSE,FALSE,FALSE,FALSE,FALSE,FALSE,FALSE
572,SOLO,980,,,FALSE,FALSE,FALSE,FALSE,FALSE,FALSE,FALSE
584,SOLO,296,,,FALSE,FALSE,FALSE,FALSE,FALSE,FALSE,FALSE
586,SOLO,980,,,FALSE,FALSE,FALSE,FALSE,FALSE,FALSE,FALSE
602,SOLO,296,,,FALSE,FALSE,FALSE,FALSE,FALSE,FALSE,FALSE
603,SOLO,296,,,FALSE,FALSE,FALSE,FALSE,FALSE,FALSE,FALSE
605,SOLO,296,,,FALSE,FALSE,FALSE,FALSE,FALSE,FALSE,FALSE
633,SOLO,102,,,FALSE,FALSE,FALSE,FALSE,FALSE,FALSE,FALSE
637,SOLO,296,,,FALSE,FALSE,FALSE,FALSE,FALSE,FALSE,FALSE
638,SOLO,296,,,FALSE,FALSE,FALSE,FALSE,FALSE,FALSE,FALSE
651,SOLO,980,,,FALSE,FALSE,FALSE,FALSE,FALSE,FALSE,FALSE
652,SOLO,980,,,FALSE,FALSE,FALSE,FALSE,FALSE,FALSE,FALSE
682,SOLO,296,,,FALSE,FALSE,FALSE,FALSE,FALSE,FALSE,FALSE
703,SOLO,980,,,FALSE,FALSE,FALSE,FALSE,FALSE,FALSE,FALSE
704,SOLO,980,,,FALSE,FALSE,FALSE,FALSE,FALSE,FALSE,FALSE
735,MULT,980,981,107,TRUE,TRUE,FALSE,FALSE,FALSE,TRUE,FALSE
737,SOLO,980,,,FALSE,FALSE,FALSE,FALSE,FALSE,FALSE,FALSE
738,SOLO,980,,,FALSE,FALSE,FALSE,FALSE,FALSE,FALSE,FALSE
744,SOLO,980,,,FALSE,FALSE,FALSE,FALSE,FALSE,FALSE,FALSE
761,AUDI,296,981,,TRUE,TRUE,FALSE,FALSE,FALSE,FALSE,FALSE
762,SOLO,296,,,FALSE,FALSE,FALSE,FALSE,FALSE,FALSE,FALSE
764,SOLO,296,,,FALSE,FALSE,FALSE,FALSE,FALSE,FALSE,FALSE
776,SOLO,980,,,FALSE,FALSE,FALSE,FALSE,FALSE,FALSE,FALSE
777,SOLO,980,,,FALSE,FALSE,FALSE,FALSE,FALSE,FALSE,FALSE
797,AUDI,296,8200,,TRUE,TRUE,FALSE,FALSE,FALSE,FALSE,FALSE
804,SOLO,296,,,FALSE,FALSE,FALSE,FALSE,FALSE,FALSE,FALSE
813,SOLO,980,,,FALSE,FALSE,FALSE,FALSE,FALSE,FALSE,FALSE
816,SOLO,980,,,FALSE,FALSE,FALSE,FALSE,FALSE,FALSE,FALSE
817,SOLO,980,,,FALSE,FALSE,FALSE,FALSE,FALSE,FALSE,FALSE
819,AUDI,980,8200,,TRUE,TRUE,FALSE,FALSE,FALSE,FALSE,FALSE
820,SOLO,980,,,FALSE,FALSE,FALSE,FALSE,FALSE,FALSE,FALSE
852,SOLO,980,,,FALSE,FALSE,FALSE,FALSE,FALSE,FALSE,FALSE
855,SOLO,980,,,FALSE,FALSE,FALSE,FALSE,FALSE,FALSE,FALSE
857,MULT,980,977,,TRUE,TRUE,FALSE,FALSE,TRUE,TRUE,FALSE
881,SOLO,980,,,FALSE,FALSE,FALSE,FALSE,FALSE,FALSE,FALSE
882,SOLO,980,,,FALSE,FALSE,FALSE,FALSE,FALSE,FALSE,FALSE
884,SOLO,980,,,FALSE,FALSE,FALSE,FALSE,FALSE,FALSE,FALSE
885,SOLO,980,,,FALSE,FALSE,FALSE,FALSE,FALSE,FALSE,FALSE
886,SOLO,980,,,FALSE,FALSE,FALSE,FALSE,FALSE,FALSE,FALSE
888,AUDI,980,8200,,TRUE,TRUE,FALSE,FALSE,FALSE,FALSE,FALSE
907,SOLO,296,,,FALSE,FALSE,FALSE,FALSE,FALSE,FALSE,FALSE
915,SOLO,980,,,FALSE,FALSE,FALSE,FALSE,FALSE,FALSE,FALSE
919,SOLO,980,,,FALSE,FALSE,FALSE,FALSE,FALSE,FALSE,FALSE
940,SOLO,980,,,FALSE,FALSE,FALSE,FALSE,FALSE,FALSE,FALSE
942,SOLO,980,,,FALSE,FALSE,FALSE,FALSE,FALSE,FALSE,FALSE
961,SOLO,980,,,FALSE,FALSE,FALSE,FALSE,FALSE,FALSE,FALSE
962,SOLO,980,,,FALSE,FALSE,FALSE,FALSE,FALSE,FALSE,FALSE
967,SOLO,980,,,FALSE,FALSE,FALSE,FALSE,FALSE,FALSE,FALSE
968,AUDI,980,8400,,TRUE,TRUE,FALSE,FALSE,FALSE,FALSE,FALSE
969,AUDI,980,8300,,TRUE,TRUE,FALSE,FALSE,FALSE,FALSE,FALSE
975,SOLO,8000,,,FALSE,FALSE,FALSE,FALSE,FALSE,FALSE,FALSE
989,COP,980,8200,,TRUE,TRUE,FALSE,TRUE,FALSE,FALSE,FALSE
991,COP,980,8200,,TRUE,TRUE,FALSE,TRUE,FALSE,FALSE,FALSE
992,COP,980,8200,,TRUE,TRUE,FALSE,TRUE,FALSE,FALSE,FALSE
993,AUDI,980,972,,TRUE,TRUE,FALSE,FALSE,FALSE,FALSE,FALSE
1008,AUDI,296,295,,TRUE,TRUE,FALSE,FALSE,FALSE,FALSE,FALSE
1012,SOLO,296,,,FALSE,FALSE,FALSE,FALSE,FALSE,FALSE,FALSE
1013,AUDI,296,8400,,TRUE,TRUE,TRUE,FALSE,FALSE,FALSE,FALSE
1014,SOLO,296,,,FALSE,FALSE,FALSE,FALSE,FALSE,FALSE,FALSE
1016,AUDI,980,8200,,TRUE,TRUE,FALSE,FALSE,FALSE,FALSE,FALSE
1018,SOLO,980,,,FALSE,FALSE,FALSE,FALSE,FALSE,FALSE,FALSE
1020,SOLO,980,,,FALSE,FALSE,FALSE,FALSE,FALSE,FALSE,FALSE
1038,SOLO,296,,,FALSE,FALSE,FALSE,FALSE,FALSE,FALSE,FALSE
1044,AUDI,296,8400,,TRUE,TRUE,TRUE,FALSE,FALSE,FALSE,FALSE
1046,SOLO,296,,,FALSE,FALSE,FALSE,FALSE,FALSE,FALSE,FALSE
1051,SOLO,980,,,FALSE,FALSE,FALSE,FALSE,FALSE,FALSE,FALSE
1052,SOLO,980,,,FALSE,FALSE,FALSE,FALSE,FALSE,FALSE,FALSE
1056,SOLO,980,,,FALSE,FALSE,FALSE,FALSE,FALSE,FALSE,FALSE
1078,SOLO,296,,,FALSE,FALSE,FALSE,FALSE,FALSE,FALSE,FALSE
1082,SOLO,296,,,FALSE,FALSE,FALSE,FALSE,FALSE,FALSE,FALSE
1083,SOLO,296,,,FALSE,FALSE,FALSE,FALSE,FALSE,FALSE,FALSE
1087,AUDI,980,8400,,TRUE,TRUE,FALSE,FALSE,FALSE,FALSE,FALSE
1088,AUDI,980,8400,,TRUE,TRUE,TRUE,FALSE,FALSE,FALSE,FALSE
1089,SOLO,980,,,FALSE,FALSE,FALSE,FALSE,FALSE,FALSE,FALSE
1090,SOLO,980,,,FALSE,FALSE,FALSE,FALSE,FALSE,FALSE,FALSE
1091,AUDI,980,8300,107,TRUE,TRUE,FALSE,FALSE,FALSE,FALSE,FALSE
1100,SOLO,296,,,FALSE,FALSE,FALSE,FALSE,FALSE,FALSE,FALSE
1101,AUDI,296,8200,,TRUE,TRUE,FALSE,FALSE,FALSE,FALSE,FALSE
1106,SOLO,296,,,FALSE,FALSE,FALSE,FALSE,FALSE,FALSE,FALSE
1107,SOLO,296,,,FALSE,FALSE,FALSE,FALSE,FALSE,FALSE,FALSE
1114,SOLO,980,,,FALSE,FALSE,FALSE,FALSE,FALSE,FALSE,FALSE
1122,AUDI,296,8200,,TRUE,TRUE,FALSE,FALSE,FALSE,FALSE,FALSE
1126,SOLO,296,,,FALSE,FALSE,FALSE,FALSE,FALSE,FALSE,FALSE
1128,SOLO,296,,,FALSE,FALSE,FALSE,FALSE,FALSE,FALSE,FALSE
1133,SOLO,980,,,FALSE,FALSE,FALSE,FALSE,FALSE,FALSE,FALSE
1134,SOLO,980,,,FALSE,FALSE,FALSE,FALSE,FALSE,FALSE,FALSE
1135,SOLO,980,,,FALSE,FALSE,FALSE,FALSE,FALSE,FALSE,FALSE
1149,SOLO,296,,,FALSE,FALSE,FALSE,FALSE,FALSE,FALSE,FALSE
1181,SOLO,296,,,FALSE,FALSE,FALSE,FALSE,FALSE,FALSE,FALSE
1184,AUDI,296,8200,8300,TRUE,TRUE,FALSE,FALSE,FALSE,FALSE,FALSE
1185,SOLO,296,,,FALSE,FALSE,FALSE,FALSE,FALSE,FALSE,FALSE
1191,AUDI,980,8200,,TRUE,TRUE,FALSE,FALSE,FALSE,FALSE,FALSE
1193,SOLO,980,,,FALSE,FALSE,FALSE,FALSE,FALSE,FALSE,FALSE
1194,SOLO,980,,,FALSE,FALSE,FALSE,FALSE,FALSE,FALSE,FALSE
1205,SOLO,296,,,FALSE,FALSE,FALSE,FALSE,FALSE,FALSE,FALSE
1207,SOLO,296,,,FALSE,FALSE,FALSE,FALSE,FALSE,FALSE,FALSE
1209,SOLO,296,,,FALSE,FALSE,FALSE,FALSE,FALSE,FALSE,FALSE
1210,SOLO,296,,,FALSE,FALSE,FALSE,FALSE,FALSE,FALSE,FALSE
1211,SOLO,296,,,FALSE,FALSE,FALSE,FALSE,FALSE,FALSE,FALSE
1223,SOLO,980,,,FALSE,FALSE,FALSE,FALSE,FALSE,FALSE,FALSE
1225,AUDI,980,8400,,TRUE,TRUE,FALSE,FALSE,FALSE,FALSE,FALSE
1232,AUDI,296,8300,,TRUE,TRUE,FALSE,FALSE,FALSE,FALSE,FALSE
1238,AUDI,980,289,,TRUE,TRUE,FALSE,FALSE,FALSE,FALSE,FALSE
1244,AUDI,296,8400,,TRUE,TRUE,FALSE,FALSE,FALSE,FALSE,FALSE
1248,SOLO,296,,,FALSE,FALSE,FALSE,FALSE,FALSE,FALSE,FALSE
1256,SOLO,980,,,FALSE,FALSE,FALSE,FALSE,FALSE,FALSE,FALSE
1268,SOLO,296,,,FALSE,FALSE,FALSE,FALSE,FALSE,FALSE,FALSE
1279,SOLO,980,,,FALSE,FALSE,FALSE,FALSE,FALSE,FALSE,FALSE
1294,SOLO,296,,,FALSE,FALSE,FALSE,FALSE,FALSE,FALSE,FALSE
1295,SOLO,296,,,FALSE,FALSE,FALSE,FALSE,FALSE,FALSE,FALSE
1313,SOLO,296,,,FALSE,FALSE,FALSE,FALSE,FALSE,FALSE,FALSE
1324,SOLO,296,,,FALSE,FALSE,FALSE,FALSE,FALSE,FALSE,FALSE
1325,SOLO,296,,,FALSE,FALSE,FALSE,FALSE,FALSE,FALSE,FALSE
1326,SOLO,296,,,FALSE,FALSE,FALSE,FALSE,FALSE,FALSE,FALSE
1327,MULT,113,8300,299,TRUE,TRUE,TRUE,FALSE,FALSE,TRUE,TRUE
1329,SOLO,113,,,FALSE,FALSE,FALSE,FALSE,FALSE,FALSE,FALSE
1333,SOLO,299,,,FALSE,FALSE,FALSE,FALSE,FALSE,FALSE,FALSE
1336,SOLO,980,,,FALSE,FALSE,FALSE,FALSE,FALSE,FALSE,FALSE
1352,SOLO,296,,,FALSE,FALSE,FALSE,FALSE,FALSE,FALSE,FALSE
1353,SOLO,296,,,FALSE,FALSE,FALSE,FALSE,FALSE,FALSE,FALSE
1354,SOLO,296,,,FALSE,FALSE,FALSE,FALSE,FALSE,FALSE,FALSE
1355,SOLO,296,,,FALSE,FALSE,FALSE,FALSE,FALSE,FALSE,FALSE
1358,SOLO,296,,,FALSE,FALSE,FALSE,FALSE,FALSE,FALSE,FALSE
1362,SOLO,299,,,FALSE,FALSE,FALSE,FALSE,FALSE,FALSE,FALSE
1363,SOLO,113,,,FALSE,FALSE,FALSE,FALSE,FALSE,FALSE,FALSE
1375,SOLO,296,,,FALSE,FALSE,FALSE,FALSE,FALSE,FALSE,FALSE
1381,SOLO,296,,,FALSE,FALSE,FALSE,FALSE,FALSE,FALSE,FALSE
1384,SOLO,299,,,FALSE,FALSE,FALSE,FALSE,FALSE,FALSE,FALSE
1385,SOLO,299,,,FALSE,FALSE,FALSE,FALSE,FALSE,FALSE,FALSE
1386,SOLO,299,,,FALSE,FALSE,FALSE,FALSE,FALSE,FALSE,FALSE
1387,SOLO,299,,,FALSE,FALSE,FALSE,FALSE,FALSE,FALSE,FALSE
1392,SOLO,980,,,FALSE,FALSE,FALSE,FALSE,FALSE,FALSE,FALSE
1400,SOLO,296,,,FALSE,FALSE,FALSE,FALSE,FALSE,FALSE,FALSE
1401,SOLO,296,,,FALSE,FALSE,FALSE,FALSE,FALSE,FALSE,FALSE
1407,AUDI,299,295,8300,TRUE,TRUE,FALSE,FALSE,FALSE,FALSE,FALSE
1408,SOLO,299,,,FALSE,FALSE,FALSE,FALSE,FALSE,FALSE,FALSE
1419,SOLO,296,,,FALSE,FALSE,FALSE,FALSE,FALSE,FALSE,FALSE
1420,SOLO,296,,,FALSE,FALSE,FALSE,FALSE,FALSE,FALSE,FALSE
1421,SOLO,296,,,FALSE,FALSE,FALSE,FALSE,FALSE,FALSE,FALSE
1425,SOLO,296,,,FALSE,FALSE,FALSE,FALSE,FALSE,FALSE,FALSE
1432,SOLO,296,,,FALSE,FALSE,FALSE,FALSE,FALSE,FALSE,FALSE
1433,SOLO,296,,,FALSE,FALSE,FALSE,FALSE,FALSE,FALSE,FALSE
1437,SOLO,299,,,FALSE,FALSE,FALSE,FALSE,FALSE,FALSE,FALSE
1438,SOLO,299,,,FALSE,FALSE,FALSE,FALSE,FALSE,FALSE,FALSE
1439,SOLO,299,,,FALSE,FALSE,FALSE,FALSE,FALSE,FALSE,FALSE
1440,AUDI,299,8400,,TRUE,TRUE,FALSE,FALSE,FALSE,FALSE,FALSE
1452,SOLO,296,,,FALSE,FALSE,FALSE,FALSE,FALSE,FALSE,FALSE
1455,COP,296,936,,TRUE,TRUE,FALSE,TRUE,FALSE,FALSE,FALSE
1464,AUDI,113,8400,299,TRUE,TRUE,FALSE,FALSE,FALSE,FALSE,TRUE
1479,AUDI,296,8400,,TRUE,TRUE,FALSE,FALSE,FALSE,FALSE,FALSE
1480,AUDI,296,8200,,TRUE,TRUE,FALSE,FALSE,FALSE,FALSE,FALSE
1482,SOLO,296,,,FALSE,FALSE,FALSE,FALSE,FALSE,FALSE,FALSE
1486,AUDI,296,981,,TRUE,TRUE,TRUE,FALSE,FALSE,FALSE,FALSE
1487,AUDI,296,981,,TRUE,TRUE,FALSE,FALSE,FALSE,FALSE,FALSE
1489,AUDI,296,294,,TRUE,TRUE,FALSE,FALSE,FALSE,FALSE,FALSE
1490,SOLO,296,,,FALSE,FALSE,FALSE,FALSE,FALSE,FALSE,FALSE
1491,MULT,113,,299,FALSE,FALSE,FALSE,FALSE,FALSE,TRUE,TRUE
1494,SOLO,113,,,FALSE,FALSE,FALSE,FALSE,FALSE,FALSE,FALSE
1495,SOLO,299,,,FALSE,FALSE,FALSE,FALSE,FALSE,FALSE,FALSE
1496,SOLO,113,,,FALSE,FALSE,FALSE,FALSE,FALSE,FALSE,FALSE
1497,SOLO,299,,,FALSE,FALSE,FALSE,FALSE,FALSE,FALSE,FALSE
1507,AUDI,296,294,,TRUE,TRUE,FALSE,FALSE,FALSE,FALSE,FALSE
1510,SOLO,296,,,FALSE,FALSE,FALSE,FALSE,FALSE,FALSE,FALSE
1513,SOLO,296,,,FALSE,FALSE,FALSE,FALSE,FALSE,FALSE,FALSE
1515,SOLO,296,,,FALSE,FALSE,FALSE,FALSE,FALSE,FALSE,FALSE
1516,MULT,299,8400,133,TRUE,TRUE,FALSE,FALSE,FALSE,TRUE,TRUE
1519,AUDI,299,981,,TRUE,TRUE,FALSE,FALSE,FALSE,FALSE,FALSE
1520,SOLO,299,,,FALSE,FALSE,FALSE,FALSE,FALSE,FALSE,FALSE
1531,SOLO,296,,,FALSE,FALSE,FALSE,FALSE,FALSE,FALSE,FALSE
1533,COP,296,8200,,TRUE,TRUE,FALSE,TRUE,FALSE,FALSE,FALSE
1535,SOLO,296,,,FALSE,FALSE,FALSE,FALSE,FALSE,FALSE,FALSE
1539,AUDI,296,118,,TRUE,TRUE,FALSE,FALSE,FALSE,FALSE,FALSE
1542,SOLO,299,,,FALSE,FALSE,FALSE,FALSE,FALSE,FALSE,FALSE
1543,SOLO,299,,,FALSE,FALSE,FALSE,FALSE,FALSE,FALSE,FALSE
1555,SOLO,296,,,FALSE,FALSE,FALSE,FALSE,FALSE,FALSE,FALSE
1558,COP,296,8200,,TRUE,TRUE,FALSE,TRUE,FALSE,FALSE,FALSE
1561,SOLO,296,,,FALSE,FALSE,FALSE,FALSE,FALSE,FALSE,FALSE
1562,SOLO,296,,,FALSE,FALSE,FALSE,FALSE,FALSE,FALSE,FALSE
1564,SOLO,113,,,FALSE,FALSE,FALSE,FALSE,FALSE,FALSE,FALSE
1578,SOLO,296,,,FALSE,FALSE,FALSE,FALSE,FALSE,FALSE,FALSE
1579,SOLO,296,,,FALSE,FALSE,FALSE,FALSE,FALSE,FALSE,FALSE
1580,SOLO,296,,,FALSE,FALSE,FALSE,FALSE,FALSE,FALSE,FALSE
1583,AUDI,296,8400,,TRUE,TRUE,FALSE,FALSE,FALSE,FALSE,FALSE
1585,MULT,296,294,,TRUE,TRUE,FALSE,FALSE,FALSE,TRUE,FALSE
1588,SOLO,299,,,FALSE,FALSE,FALSE,FALSE,FALSE,FALSE,FALSE
1600,AUDI,296,294,,TRUE,TRUE,FALSE,FALSE,FALSE,FALSE,FALSE
1605,AUDI,296,8200,,TRUE,TRUE,FALSE,FALSE,FALSE,FALSE,FALSE
1606,AUDI,296,8200,,TRUE,TRUE,FALSE,FALSE,FALSE,FALSE,FALSE
1620,SOLO,296,,,FALSE,FALSE,FALSE,FALSE,FALSE,FALSE,FALSE
1621,SOLO,296,,,FALSE,FALSE,FALSE,FALSE,FALSE,FALSE,FALSE
1622,AUDI,296,981,,TRUE,TRUE,FALSE,FALSE,FALSE,FALSE,FALSE
1631,SOLO,299,,,FALSE,FALSE,FALSE,FALSE,FALSE,FALSE,FALSE
1645,SOLO,296,,,FALSE,FALSE,FALSE,FALSE,FALSE,FALSE,FALSE
1654,SOLO,980,,,FALSE,FALSE,FALSE,FALSE,FALSE,FALSE,FALSE
1659,SOLO,296,,,FALSE,FALSE,FALSE,FALSE,FALSE,FALSE,FALSE
1660,SOLO,296,,,FALSE,FALSE,FALSE,FALSE,FALSE,FALSE,FALSE
1661,SOLO,296,,,FALSE,FALSE,FALSE,FALSE,FALSE,FALSE,FALSE
1662,AUDI,296,984,,TRUE,TRUE,FALSE,FALSE,FALSE,FALSE,FALSE
1663,AUDI,296,981,,TRUE,TRUE,TRUE,FALSE,FALSE,FALSE,FALSE
1665,SOLO,113,,,FALSE,FALSE,FALSE,FALSE,FALSE,FALSE,FALSE
1666,SOLO,299,,,FALSE,FALSE,FALSE,FALSE,FALSE,FALSE,FALSE
1674,MULT,296,984,,TRUE,TRUE,FALSE,FALSE,FALSE,TRUE,FALSE
1676,SOLO,296,,,FALSE,FALSE,FALSE,FALSE,FALSE,FALSE,FALSE
1677,SOLO,296,,,FALSE,FALSE,FALSE,FALSE,FALSE,FALSE,FALSE
1679,SOLO,296,,,FALSE,FALSE,FALSE,FALSE,FALSE,FALSE,FALSE
1688,SOLO,299,,,FALSE,FALSE,FALSE,FALSE,FALSE,FALSE,FALSE
1701,SOLO,296,,,FALSE,FALSE,FALSE,FALSE,FALSE,FALSE,FALSE
1706,SOLO,296,,,FALSE,FALSE,FALSE,FALSE,FALSE,FALSE,FALSE
1707,AUDI,296,8400,,TRUE,TRUE,FALSE,FALSE,FALSE,FALSE,FALSE
1708,SOLO,296,,,FALSE,FALSE,FALSE,FALSE,FALSE,FALSE,FALSE
1710,AUDI,296,8300,,TRUE,TRUE,FALSE,FALSE,FALSE,FALSE,FALSE
1711,AUDI,296,8400,,TRUE,TRUE,FALSE,FALSE,FALSE,FALSE,FALSE
1713,SOLO,296,,,FALSE,FALSE,FALSE,FALSE,FALSE,FALSE,FALSE
1725,SOLO,296,,,FALSE,FALSE,FALSE,FALSE,FALSE,FALSE,FALSE
1726,AUDI,296,8200,,TRUE,TRUE,FALSE,FALSE,FALSE,FALSE,FALSE
1727,AUDI,296,8200,,TRUE,TRUE,FALSE,FALSE,FALSE,FALSE,FALSE
1730,AUDI,296,8400,,TRUE,TRUE,FALSE,FALSE,FALSE,FALSE,FALSE
1732,SOLO,296,,,FALSE,FALSE,FALSE,FALSE,FALSE,FALSE,FALSE
1742,AUDI,296,8200,,TRUE,TRUE,FALSE,FALSE,FALSE,FALSE,FALSE
1744,SOLO,296,,,FALSE,FALSE,FALSE,FALSE,FALSE,FALSE,FALSE
1745,SOLO,296,,,FALSE,FALSE,FALSE,FALSE,FALSE,FALSE,FALSE
1746,SOLO,296,,,FALSE,FALSE,FALSE,FALSE,FALSE,FALSE,FALSE
1747,SOLO,296,,,FALSE,FALSE,FALSE,FALSE,FALSE,FALSE,FALSE
1750,SOLO,296,,,FALSE,FALSE,FALSE,FALSE,FALSE,FALSE,FALSE
1751,AUDI,296,8200,,TRUE,TRUE,FALSE,FALSE,FALSE,FALSE,FALSE
1761,SOLO,296,,,FALSE,FALSE,FALSE,FALSE,FALSE,FALSE,FALSE
1762,SOLO,296,,,FALSE,FALSE,FALSE,FALSE,FALSE,FALSE,FALSE
1766,AUDI,296,8200,,TRUE,TRUE,FALSE,FALSE,FALSE,FALSE,FALSE
1768,SOLO,296,,,FALSE,FALSE,FALSE,FALSE,FALSE,FALSE,FALSE
1770,AUDI,112,8200,,TRUE,TRUE,FALSE,FALSE,FALSE,FALSE,FALSE
1772,AUDI,112,935,,TRUE,TRUE,FALSE,FALSE,FALSE,FALSE,FALSE
1786,SOLO,296,,,FALSE,FALSE,FALSE,FALSE,FALSE,FALSE,FALSE
1787,SOLO,296,,,FALSE,FALSE,FALSE,FALSE,FALSE,FALSE,FALSE
1788,AUDI,296,935,,TRUE,TRUE,FALSE,FALSE,FALSE,FALSE,FALSE
1789,AUDI,296,8200,,TRUE,TRUE,FALSE,FALSE,FALSE,FALSE,FALSE
1795,SOLO,296,,,FALSE,FALSE,FALSE,FALSE,FALSE,FALSE,FALSE
1804,SOLO,112,,,FALSE,FALSE,FALSE,FALSE,FALSE,FALSE,FALSE
1817,COP,296,8200,,TRUE,TRUE,FALSE,TRUE,FALSE,FALSE,FALSE
1822,SOLO,296,,,FALSE,FALSE,FALSE,FALSE,FALSE,FALSE,FALSE
1824,COP,296,959,,TRUE,TRUE,FALSE,TRUE,FALSE,FALSE,FALSE
1826,SOLO,296,,,FALSE,FALSE,FALSE,FALSE,FALSE,FALSE,FALSE
1827,SOLO,296,,,FALSE,FALSE,FALSE,FALSE,FALSE,FALSE,FALSE
1846,SOLO,296,,,FALSE,FALSE,FALSE,FALSE,FALSE,FALSE,FALSE
1850,SOLO,296,,,FALSE,FALSE,FALSE,FALSE,FALSE,FALSE,FALSE
1852,SOLO,296,,,FALSE,FALSE,FALSE,FALSE,FALSE,FALSE,FALSE
1856,SOLO,112,,,FALSE,FALSE,FALSE,FALSE,FALSE,FALSE,FALSE
1857,AUDI,112,118,,TRUE,TRUE,FALSE,FALSE,FALSE,FALSE,FALSE
1868,SOLO,296,,,FALSE,FALSE,FALSE,FALSE,FALSE,FALSE,FALSE
1878,COP,296,295,,TRUE,TRUE,FALSE,TRUE,FALSE,FALSE,FALSE
1880,SOLO,296,,,FALSE,FALSE,FALSE,FALSE,FALSE,FALSE,FALSE
1883,SOLO,296,,,FALSE,FALSE,FALSE,FALSE,FALSE,FALSE,FALSE
1884,SOLO,296,,,FALSE,FALSE,FALSE,FALSE,FALSE,FALSE,FALSE
1887,SOLO,296,,,FALSE,FALSE,FALSE,FALSE,FALSE,FALSE,FALSE
1889,SOLO,296,,,FALSE,FALSE,FALSE,FALSE,FALSE,FALSE,FALSE
1890,SOLO,112,,,FALSE,FALSE,FALSE,FALSE,FALSE,FALSE,FALSE
1892,SOLO,112,,,FALSE,FALSE,FALSE,FALSE,FALSE,FALSE,FALSE
1893,SOLO,112,,,FALSE,FALSE,FALSE,FALSE,FALSE,FALSE,FALSE
1907,AUDI,296,8300,,TRUE,TRUE,FALSE,FALSE,FALSE,FALSE,FALSE
1911,SOLO,296,,,FALSE,FALSE,FALSE,FALSE,FALSE,FALSE,FALSE
1913,SOLO,296,,,FALSE,FALSE,FALSE,FALSE,FALSE,FALSE,FALSE
1914,AUDI,296,8400,,TRUE,TRUE,FALSE,FALSE,FALSE,FALSE,FALSE
1915,MULT,296,990,,TRUE,TRUE,FALSE,FALSE,TRUE,FALSE,FALSE
1916,AUDI,296,8400,,TRUE,TRUE,FALSE,FALSE,FALSE,FALSE,FALSE
1917,SOLO,296,,,FALSE,FALSE,FALSE,FALSE,FALSE,FALSE,FALSE
1918,SOLO,296,,,FALSE,FALSE,FALSE,FALSE,FALSE,FALSE,FALSE
1919,SOLO,296,,,FALSE,FALSE,FALSE,FALSE,FALSE,FALSE,FALSE
1920,COP,296,936,,TRUE,TRUE,FALSE,TRUE,FALSE,FALSE,FALSE
1921,SOLO,296,,,FALSE,FALSE,FALSE,FALSE,FALSE,FALSE,FALSE
1922,MULT,112,990,8300,TRUE,TRUE,FALSE,FALSE,TRUE,FALSE,FALSE
1924,SOLO,112,,,FALSE,FALSE,FALSE,FALSE,FALSE,FALSE,FALSE
1928,SOLO,112,,,FALSE,FALSE,FALSE,FALSE,FALSE,FALSE,FALSE
1933,SOLO,296,,,FALSE,FALSE,FALSE,FALSE,FALSE,FALSE,FALSE
1934,SOLO,296,,,FALSE,FALSE,FALSE,FALSE,FALSE,FALSE,FALSE
1935,SOLO,296,,,FALSE,FALSE,FALSE,FALSE,FALSE,FALSE,FALSE
1936,AUDI,296,8400,,TRUE,TRUE,TRUE,FALSE,FALSE,FALSE,FALSE
1939,SOLO,296,,,FALSE,FALSE,FALSE,FALSE,FALSE,FALSE,FALSE
1940,SOLO,296,,,FALSE,FALSE,FALSE,FALSE,FALSE,FALSE,FALSE
1947,SOLO,112,,,FALSE,FALSE,FALSE,FALSE,FALSE,FALSE,FALSE
1962,AUDI,296,8400,,TRUE,TRUE,FALSE,FALSE,FALSE,FALSE,FALSE
1964,SOLO,296,,,FALSE,FALSE,FALSE,FALSE,FALSE,FALSE,FALSE
1965,AUDI,296,8400,8300,TRUE,TRUE,TRUE,FALSE,FALSE,FALSE,FALSE
1966,AUDI,296,8400,,TRUE,TRUE,FALSE,FALSE,FALSE,FALSE,FALSE
1969,AUDI,112,8400,,TRUE,TRUE,FALSE,FALSE,FALSE,FALSE,FALSE
1970,AUDI,112,8300,,TRUE,TRUE,FALSE,FALSE,FALSE,FALSE,FALSE
1974,SOLO,112,,,FALSE,FALSE,FALSE,FALSE,FALSE,FALSE,FALSE
1984,SOLO,296,,,FALSE,FALSE,FALSE,FALSE,FALSE,FALSE,FALSE
1987,COP,296,8200,,TRUE,TRUE,TRUE,TRUE,FALSE,FALSE,FALSE
1988,SOLO,296,,,FALSE,FALSE,FALSE,FALSE,FALSE,FALSE,FALSE
1999,SOLO,296,,,FALSE,FALSE,FALSE,FALSE,FALSE,FALSE,FALSE
2003,SOLO,296,,,FALSE,FALSE,FALSE,FALSE,FALSE,FALSE,FALSE
2005,SOLO,296,,,FALSE,FALSE,FALSE,FALSE,FALSE,FALSE,FALSE
2010,SOLO,980,,,FALSE,FALSE,FALSE,FALSE,FALSE,FALSE,FALSE
2017,MULT,296,990,,TRUE,TRUE,FALSE,TRUE,TRUE,FALSE,FALSE
2018,SOLO,296,,,FALSE,FALSE,FALSE,FALSE,FALSE,FALSE,FALSE
2020,COP,296,8200,,TRUE,TRUE,FALSE,TRUE,FALSE,FALSE,FALSE
2032,AUDI,112,981,,TRUE,TRUE,FALSE,FALSE,FALSE,FALSE,FALSE
2045,SOLO,296,,,FALSE,FALSE,FALSE,FALSE,FALSE,FALSE,FALSE
2047,SOLO,296,,,FALSE,FALSE,FALSE,FALSE,FALSE,FALSE,FALSE
2050,SOLO,296,,,FALSE,FALSE,FALSE,FALSE,FALSE,FALSE,FALSE
2054,SOLO,980,,,FALSE,FALSE,FALSE,FALSE,FALSE,FALSE,FALSE
2058,AUDI,112,289,,TRUE,TRUE,FALSE,FALSE,FALSE,FALSE,FALSE
2059,AUDI,112,289,,TRUE,TRUE,FALSE,FALSE,FALSE,FALSE,FALSE
2061,SOLO,112,,,FALSE,FALSE,FALSE,FALSE,FALSE,FALSE,FALSE
2064,SOLO,296,,,FALSE,FALSE,FALSE,FALSE,FALSE,FALSE,FALSE
2067,SOLO,296,,,FALSE,FALSE,FALSE,FALSE,FALSE,FALSE,FALSE
2069,SOLO,296,,,FALSE,FALSE,FALSE,FALSE,FALSE,FALSE,FALSE
2070,SOLO,296,,,FALSE,FALSE,FALSE,FALSE,FALSE,FALSE,FALSE
2071,AUDI,296,8300,,TRUE,TRUE,FALSE,FALSE,FALSE,FALSE,FALSE
2072,SOLO,296,,,FALSE,FALSE,FALSE,FALSE,FALSE,FALSE,FALSE
2075,SOLO,980,,,FALSE,FALSE,FALSE,FALSE,FALSE,FALSE,FALSE
2076,SOLO,980,,,FALSE,FALSE,FALSE,FALSE,FALSE,FALSE,FALSE
2079,SOLO,980,,,FALSE,FALSE,FALSE,FALSE,FALSE,FALSE,FALSE
2080,MULT,980,8200,,TRUE,TRUE,FALSE,FALSE,FALSE,TRUE,FALSE
2082,AUDI,112,289,,TRUE,TRUE,FALSE,FALSE,FALSE,FALSE,FALSE
2088,AUDI,296,8400,,TRUE,TRUE,FALSE,FALSE,FALSE,FALSE,FALSE
2089,AUDI,296,8200,,TRUE,TRUE,FALSE,FALSE,FALSE,FALSE,FALSE
2092,SOLO,296,,,FALSE,FALSE,FALSE,FALSE,FALSE,FALSE,FALSE
2094,SOLO,296,,,FALSE,FALSE,FALSE,FALSE,FALSE,FALSE,FALSE
2095,SOLO,296,,,FALSE,FALSE,FALSE,FALSE,FALSE,FALSE,FALSE
2098,AUDI,980,8400,,TRUE,TRUE,FALSE,FALSE,FALSE,FALSE,FALSE
2102,AUDI,980,8300,8300,TRUE,TRUE,FALSE,FALSE,FALSE,FALSE,FALSE
2104,SOLO,980,,,FALSE,FALSE,FALSE,FALSE,FALSE,FALSE,FALSE
2105,SOLO,980,,,FALSE,FALSE,FALSE,FALSE,FALSE,FALSE,FALSE
2111,AUDI,112,289,,TRUE,TRUE,FALSE,FALSE,FALSE,FALSE,FALSE
2112,AUDI,112,289,,TRUE,TRUE,FALSE,FALSE,FALSE,FALSE,FALSE
2116,AUDI,296,8400,,TRUE,TRUE,FALSE,FALSE,FALSE,FALSE,FALSE
2117,AUDI,296,8300,,TRUE,TRUE,TRUE,FALSE,FALSE,FALSE,FALSE
5000,AUDI,940,8300,,TRUE,TRUE,FALSE,FALSE,FALSE,FALSE,FALSE
5001,MULT,291,,8000,FALSE,FALSE,FALSE,FALSE,FALSE,TRUE,FALSE
5002,AUDI,965,8200,,TRUE,TRUE,FALSE,FALSE,FALSE,FALSE,FALSE
5003,AUDI,940,988,,TRUE,TRUE,FALSE,FALSE,FALSE,FALSE,FALSE
5004,AUDI,940,8300,,TRUE,TRUE,FALSE,FALSE,FALSE,FALSE,FALSE
5005,COP,940,8300,,TRUE,TRUE,FALSE,TRUE,FALSE,FALSE,FALSE
5006,MULT,965,,8000,FALSE,FALSE,FALSE,FALSE,FALSE,TRUE,FALSE
5007,MULT,965,,980,FALSE,FALSE,FALSE,FALSE,FALSE,TRUE,TRUE
5008,MULT,965,,980,FALSE,FALSE,FALSE,FALSE,FALSE,TRUE,TRUE
5009,MULT,965,,980,FALSE,FALSE,FALSE,FALSE,FALSE,TRUE,TRUE
5010,AUDI,8000,292,,TRUE,TRUE,FALSE,FALSE,FALSE,FALSE,FALSE
5011,AUDI,8000,294,,TRUE,TRUE,FALSE,FALSE,FALSE,FALSE,FALSE
5012,AUDI,8000,294,,TRUE,TRUE,FALSE,FALSE,FALSE,FALSE,FALSE
5013,AUDI,8000,295,,TRUE,TRUE,FALSE,FALSE,FALSE,FALSE,FALSE
5014,AUDI,978,8300,,TRUE,TRUE,FALSE,FALSE,FALSE,FALSE,FALSE
5015,AUDI,978,8300,,TRUE,TRUE,FALSE,FALSE,FALSE,FALSE,FALSE
5016,AUDI,978,8300,,TRUE,TRUE,FALSE,FALSE,FALSE,FALSE,FALSE
5017,MULT,982,,965,FALSE,FALSE,FALSE,FALSE,FALSE,TRUE,TRUE
5019,MULT,978,,980,FALSE,FALSE,FALSE,FALSE,FALSE,TRUE,TRUE
5020,AUDI,978,8300,,TRUE,TRUE,FALSE,FALSE,FALSE,FALSE,FALSE
5021,AUDI,978,8300,,TRUE,TRUE,FALSE,FALSE,FALSE,FALSE,FALSE
5022,AUDI,978,8300,,TRUE,TRUE,FALSE,FALSE,FALSE,FALSE,FALSE
5023,AUDI,978,8300,,TRUE,TRUE,FALSE,FALSE,FALSE,FALSE,FALSE
5024,AUDI,980,8300,,TRUE,TRUE,FALSE,FALSE,FALSE,FALSE,FALSE
5025,AUDI,980,8300,,TRUE,TRUE,FALSE,FALSE,FALSE,FALSE,FALSE
5026,AUDI,980,8300,,TRUE,TRUE,FALSE,FALSE,FALSE,FALSE,FALSE
1358-1,SOLO,296,,,FALSE,FALSE,FALSE,FALSE,FALSE,FALSE,FALSE
1362-1,SOLO,299,,,FALSE,FALSE,FALSE,FALSE,FALSE,FALSE,FALSE
1946-1949,SOLO,112,,,FALSE,FALSE,FALSE,FALSE,FALSE,FALSE,FALSE
247-1,SOLO,980,,,FALSE,FALSE,FALSE,FALSE,FALSE,FALSE,FALSE
365-1,SOLO,980,,,FALSE,FALSE,FALSE,FALSE,FALSE,FALSE,FALSE
388-1,SOLO,296,,,FALSE,FALSE,FALSE,FALSE,FALSE,FALSE,FALSE
388-2,SOLO,296,,,FALSE,FALSE,FALSE,FALSE,FALSE,FALSE,FALSE
405-1,SOLO,965,,,FALSE,FALSE,FALSE,FALSE,FALSE,FALSE,FALSE
408-1,SOLO,965,,,FALSE,FALSE,FALSE,FALSE,FALSE,FALSE,FALSE
438-1,SOLO,948,,,FALSE,FALSE,FALSE,FALSE,FALSE,FALSE,FALSE
439-1,AUDI,948,981,,TRUE,TRUE,FALSE,FALSE,FALSE,FALSE,FALSE
743-746,SOLO,980,,,FALSE,FALSE,FALSE,FALSE,FALSE,FALSE,FALSE
5503,SOLO,940,,,FALSE,FALSE,FALSE,FALSE,FALSE,FALSE,FALSE
5504,SOLO,940,,,FALSE,FALSE,FALSE,FALSE,FALSE,FALSE,FALSE
5505,SOLO,940,,,FALSE,FALSE,FALSE,FALSE,FALSE,FALSE,FALSE
5506,SOLO,940,,,FALSE,FALSE,FALSE,FALSE,FALSE,FALSE,FALSE
5507,SOLO,940,,,FALSE,FALSE,FALSE,FALSE,FALSE,FALSE,FALSE
5508,SOLO,940,,,FALSE,FALSE,FALSE,FALSE,FALSE,FALSE,FALSE
5509,SOLO,940,,,FALSE,FALSE,FALSE,FALSE,FALSE,FALSE,FALSE
5501-2,AUDI,940,8200,,TRUE,TRUE,FALSE,FALSE,FALSE,FALSE,FALSE
